商品ID,商品,商品イメージ,ブランド名,単価,新商品,いいね！,レビュー
TLSCM25621BLK,男性用 지퍼포켓 셔켓 (SET-UP),TLSCM25621BLK_XXX.jpg,KOLON SPORT,138000,O,0,0
TLSCM25611NAY,男性用 시어서커 깅엄체크 반팔셔츠,TLSCM25611NAY_XXX.jpg,KOLON SPORT,138000,O,0,0
JWPOM25231GBE,男性用 ズボン ,JWPOM25231GBE_XXX.jpg,KOLON SPORT,148000,X,5,1
JWPOM25231DGY,男性用 ズボン ,JWPOM25231DGY_XXX.jpg,KOLON SPORT,148000,X,5,1
6MTCM25461NAY,男性用 SECO AIR 半袖,6MTCM25461NAY_XXX.jpg,KOLON SPORT,16800,O,0,0
6MTCM25461LGY,男性用 SECO AIR 半袖,6MTCM25461LGY_XXX.jpg,KOLON SPORT,16800,O,0,0
JWTCM25311OKH,ジェンダーフリー 絵付半袖,JWTCM25311OKH_XXX.jpg,KOLON SPORT,88000,O,0,0
JWTCM25311LGI,ジェンダーフリー 絵付半袖,JWTCM25311LGI_XXX.jpg,KOLON SPORT,88000,O,0,0
JWTCM25311DGY,ジェンダーフリー 絵付半袖,JWTCM25311DGY_XXX.jpg,KOLON SPORT,88000,O,0,0
6MJGX25151DGR,男性用 고어텍스 C-KNIT 1992 방수자켓,6MJGX25151DGR_XXX.jpg,KOLON SPORT,670000,O,0,0
6MTCM25451LGY,男性用 심리스 半袖,6MTCM25451LGY_XXX.jpg,KOLON SPORT,168000,O,0,0
6MJGX25151BLK,男性用 고어텍스 C-KNIT 1992 방수자켓,6MJGX25151BLK_XXX.jpg,KOLON SPORT,670000,O,0,0
